{
  "description": "航道边界线和中线数据，坐标格式 [lat, lng]，边界线按经度从大到小（东→西）排列",
  "south_channel_lower": {
    "north_boundary": [[31.03896,122.32275],[31.03982,122.30904],[31.04068,122.29533],[31.0415,122.28162],[31.04232,122.26791],[31.04125,122.2541],[31.04018,122.24029],[31.04106,122.22655],[31.04193,122.21281],[31.04344,122.19489],[31.04494,122.17697],[31.04919,122.15339],[31.05345,122.1298],[31.0577,122.10622],[31.06369,122.08795],[31.06968,122.06969],[31.07612,122.05319],[31.08255,122.0367],[31.08919,122.01724],[31.09583,121.99778]],
    "south_boundary": [[31.02232,122.32153],[31.02318,122.30783],[31.02404,122.29413],[31.02486,122.28043],[31.02568,122.26674],[31.02652,122.25305],[31.02737,122.23935],[31.02824,122.22561],[31.02912,122.21186],[31.03198,122.18807],[31.03485,122.16429],[31.03816,122.14234],[31.04147,122.12039],[31.04646,122.10515],[31.05145,122.08992],[31.05629,122.07532],[31.06114,122.06072],[31.06737,122.04463],[31.07361,122.02854],[31.07925,122.01394],[31.08489,121.99933]],
    "centerline": [[31.03064,122.32214],[31.0315,122.30844],[31.03236,122.29473],[31.03318,122.28102],[31.034,122.26732],[31.03389,122.25357],[31.03377,122.23982],[31.03465,122.22608],[31.03552,122.21233],[31.03771,122.19148],[31.0399,122.17063],[31.04368,122.14786],[31.04746,122.1251],[31.05208,122.10568],[31.05757,122.08894],[31.06299,122.07251],[31.06863,122.05696],[31.07496,122.04066],[31.0814,122.02289],[31.08754,122.00586]]
  },
  "south_channel_upper": {
    "north_boundary": [[31.11056,121.97389],[31.11902,121.95876],[31.12748,121.94363],[31.13425,121.93154],[31.14102,121.91945],[31.15339,121.89973],[31.16047,121.88584],[31.16754,121.87194],[31.17614,121.86143],[31.18475,121.85092],[31.19363,121.84089],[31.2025,121.83085],[31.21178,121.82112],[31.22106,121.81139],[31.23022,121.80168],[31.23938,121.79197],[31.25024,121.78043],[31.2611,121.76888],[31.26984,121.76006],[31.27857,121.75124],[31.2873,121.74242],[31.29604,121.7336],[31.30763,121.72197],[31.31606,121.71361]],
    "south_boundary": [[31.09592,121.96444],[31.10202,121.95194],[31.10812,121.93945],[31.11406,121.92684],[31.12,121.91423],[31.12693,121.90199],[31.13386,121.88975],[31.14233,121.87908],[31.15081,121.8684],[31.15941,121.85796],[31.16802,121.84751],[31.17649,121.83779],[31.18496,121.82807],[31.19485,121.81795],[31.20473,121.80784],[31.21473,121.79893],[31.22472,121.79002],[31.23925,121.77607],[31.25378,121.76211],[31.2683,121.74816],[31.28283,121.73421],[31.29133,121.72524],[31.30057,121.71262],[31.30981,121.7]],
    "centerline": [[31.10324,121.96917],[31.11052,121.95535],[31.1178,121.94154],[31.12416,121.92919],[31.13051,121.91684],[31.14016,121.90086],[31.14717,121.8878],[31.15494,121.87551],[31.16347,121.86491],[31.17208,121.85444],[31.18082,121.8442],[31.1895,121.83432],[31.19837,121.82459],[31.20795,121.81467],[31.21748,121.80476],[31.22706,121.79545],[31.23748,121.78522],[31.25017,121.77248],[31.26181,121.76109],[31.27343,121.7497],[31.28506,121.73832],[31.29368,121.72942],[31.3041,121.7173],[31.31293,121.70681]]
  },
  "jiuduansha_warning": [[31.08489,121.99933],[31.08258,121.98944],[31.09592,121.96444],[31.11056,121.97389],[31.09583,121.99778]],
  "yuanyuansha_warning": [[31.31606,121.71361],[31.30981,121.70000],[31.31992,121.68647],[31.32869,121.67278],[31.33469,121.67764],[31.34286,121.68422],[31.32236,121.72814]],
  "south_branch": {
    "centerline": [[31.00369,122.14164],[31.01284,122.12555],[31.02179,122.10917],[31.03093,122.09305],[31.04008,122.07668],[31.04786,122.06284],[31.05565,122.0487],[31.06361,122.03453],[31.07134,122.02001],[31.07714,122.00664]],
    "north_boundary": [[31.00773,122.14432],[31.01690,122.12819],[31.02585,122.11181],[31.03498,122.09571],[31.04414,122.07933],[31.05329,122.06285],[31.06218,122.04678],[31.07141,122.03062],[31.08008,122.01383],[31.08489,121.99933]],
    "south_boundary": [[30.99965,122.13896],[31.00878,122.12291],[31.01773,122.10653],[31.02688,122.09039],[31.03602,122.07404],[31.04243,122.06283],[31.04912,122.05063],[31.05581,122.03843],[31.0626,122.02619],[31.06939,122.01395],[31.07598,122.00169],[31.08258,121.98944]]
  }
}
